question_number,transcribed_text,normalized_mark
4,"The limit of detection (LOD) in a biosensor can be calculated using various methods, but common approach is based on statistical analysis. LOD's may be calculated based on the standard deviation of the response (Sy) of the curve and slope of the calibration curve (S) at levels. Ace to the formula - LOD = 3.3 (Sy/S). Steps to be followed are - 1) Collecting Data 2) Calculate the Mean and Standard deviation 3) Determine LOD. LOD = Mean of Baseline + (3x standard Deviation of Baseline) 4) Interpretation - LOD represents lowest conc of the analyte.",2
1,"Improving the sensitivity and specificity of colorimetric sensor for TMB in an enzymatic reaction, compared to traditional biosensors using HRP (Horseradish Peroxidase) can involve several strategies - 1) Enzyme Engineering: Engineer the enzyme (HRP) to enhance its catalytic activity & specificity for the target reaction (TMB oxidation) 2) Substrate optimization: Adjust the substrate concentration (TMB) to achieve optimal sensitivity & specificity. 3) Selective antibodies or ligands - It is induce to the sensor surface that can capture specific analytes & enhance specificity. 4) Signal Amplification 5) Calibration & Standardization 6) Surface functionalization. Advantages: 1) Enhance specificity 2) Enhance catalytic activity 3) Optimal sensitivity. 4) Capture specific analytes. Stability",2
2,Biofunctionalization of gold nanoparticles (AuNPs) involves the modifications of their surface with biologically active molecules to enable specific binding of target biomolecules. Functionalization Techniques: 1) Thiol Chemistry - Method where thiolated molecules are used to bind to the gold surface due to strong Au-S bond. 2) Layer by Layer Assembly - Alternate layers of oppositely charged polymers or biomolecules can be deposited. 3) Click chemistry 4) Physisorption. 2) Specificity: The specificity depends on choice of biomolecules used! 3) characterization & verification - Tech can be used to confirm biofunctionalization and specificity. Strategies: a) Recognition elements b) blocking agents.,2
3,"The physiochemical properties - 1) Size and surface area - Large nanoparticles provide more binding sites for antibodies, potentially increasing sensitivity. 2) Surface chemistry - Proper functionalization ensures strong antibody attachment and reduces non-specific binding. 3) Electrical conductivity - Improving sensitivity & detection limits. 4) Optical properties 5) Stability biocompatibility 6) Porosity and permeability.",2
4,"LOD also known as Limit of Detection, is an important parameter to study the graphical representation of a given dataset, and understand its extent of standard deviation with respect to the expected statistical trend. It can be calculated as: LOD = 3 x Standard deviation of lowest concentration / slope of the calibration line.",1.5
2,"Biofunctionalization of AuNPs (Gold nanoparticles) are due to their unique property of LSPR (Localized Surface Plasmon Resonance), in the visible spectrum during FRET (Fluorescence Resonance Energy Transfer). The specificity of AuNP depends on: (i) Concentration (Ratio). (ii) length between the 2 molecules. (iii) Size of the AuNP. Strategies: when delta G is -ve & entropy is low -> System is stable. Now, depending on the length of the cross linker between AuNP & CdSe (say); Eg: distance: close (AuNP & CdSe) = Quenching, 4nm: less Quenching, 6nm: Small enhancement, 10nm: enhancement. Size of AuNP: more: Quenching property predominates, less: no change/enhancement property.",1
1,"TMB -> colorless. TMB + H2O2 -> blue/yellow. TMB(colorless) --H2O2--> TMB(oxidated) [blue] is an example of enzymatic reaction that requires a catalyst Au-NP. (Reaction can be controlled, catalyst can be adjusted accordingly).",2
3,"Eg: Fe3O4 & Au-NP (make a sandwich). magnetically separate and add TMB. magnetic NP (MNP) -> extract/isolate the main antigen. coloration possible, since depends on Au-NP. So, if Antigen pr., the Au attaches & color seen. (:- +ve Result) and, Antigen = ab., then no Au binding, :- only MNP. (:- -ve Result). To determine the pr. of any particular antigen from a given sample (example), coloration property is the detecting parameter for the property of biosensing.",3
1,"Advancement of colorimetric biosensors of TMB oxidation via nanomaterials, over HRP based biosensor. a) [boxed: Enhanced sensitivity]: Nanoparticles can amplify the colorimetric signal significantly due to their high surface area and catalytic properties. The amplification allows for detection of lower concentrations of analytes, making biosensor more sensitive. TMB oxidation can produce more intense color change which is easily detectable. b) [boxed: Improved specificity]: Nanoparticles can be functionalised with specific ligands, antibodies, or aptamers that target particular biomolecules of interest. This functionalisation enhances the biosensors' specificity ensuring that it only reacts with the desired analyte. Advantages: i) Faster response time ii) Broader dynamic range iii) Reduced interference iv) wider pH range compatibility v) Reduced cross reactivity vi) Cost effective.",4
2,"The biofunctionalisation of gold nanoparticles (AuNPs) involves modifying their surface with biomolecules to enable specific binding with target molecules. It can be achieved via- i) Surface Modification: Functionalise AuNPs with thiolated (-SH) ligands via Au-S bonds. ii) Self assembly: (-SH) ligands self assemble on AuNP surface, forming a monolayer of biomolecules. iii) Cross linky: Adding linkers. Specificity in binding depends on choice of ligands, checking steric hindrance, surface density, etc. Strategies for enhanced specificity: i) Selective Biomolecule recognition ii) Optimise Binding conditions iii) Surface functionalisation iv) cross Validation v) Signal amplification vi) Pre treatment and sample preparation.",1
3,"Physicochemical properties of nanomaterials may affect performance of antibody conjugated biosensors because of- Surface area, Surface chemistry, Size & Shape, Surface Charge, Biocompatibility -> Less likely to induce immune responses or alter Antibody conformation, Optical properties. Quality control & calibration, Real time monitoring. Criteria for most appropriate nanoparticle: i) Target analyte ii) Antibody compatibility iii) Biosensor type iv) signal amplification. Eg -> Quantum dots can be used in fluorescence based biosensor for their bright and tunable emission properties.",2
4,LOD (Limit of Detection) -> 3 * standard deviation of lowest concentration / slope of calibration line.,1
1,"Colorimetric biosensors utilizing nanomaterials for TMB oxidation can enhance both specificity and sensitivity compared to traditional HRP-based biosensors through several mechanisms: Increased surface area - Nanomaterials provide a high surface area to volume ratio, allowing for more binding sites for biomolecules like antibodies or aptamers. This increases the chances of target molecule binding, enhancing specificity. Signal Amplification - Nanomaterials can act as catalysts, accelerating the oxidation of TMB and generating a more intense colour change. This amplifies the signal making it easier to detect low concentrations of target analysis. Increased Stability - Nanomaterials are more stable ensuring consistent sensor performance over time. Reduced non specific interactions. Tunable properties - Nanomaterial's properties can be optimized. Multiplexing - Nanomaterials can detect multiple targets. Advantages of nanomaterials: 1. Enhanced sensitivity 2. Improved specificity 3. Stability 4. Reduced Sample Volume 5. Rapid Detection 6. Multiplexing 7. Cost effectiveness 8. Versatility 9. Miniaturization 10. Long shelf life.",4
2,"Biofunctionalization of gold nanoparticles (AuNPs) involve: Synthesis of AuNPs, Surface modification with thiol groups, Activation of thiol groups, Coupling with biomolecules (Eg: antibodies), Purification, Characterization, Application (biosensing). Binding specificity between target molecules and nanoparticles surfaces is higher when using well chosen recognition elements (eg: antibodies) and optimized conditions. However it can be affected by factors like environmental conditions and potential cross reactivity with similar molecules. To enhance biosensor sensitivity and reduce interference: 1. Use specific recognition elements. 2. Block nonspecific binding on the sensor surface. 3. Employ effective filters or membranes. 4. Optimize conditions. 5. Use signal amplification. 6. Pre-treat samples to remove interference. 7. Consider competitive assays. 8. Employ multiplexed biosensors. 9. Use machine learning for data analysis. 10. Validate through control experiments and real world testing.",1
3,"The physiochemical properties of nanomaterials such as size, shape and surface chemistry can impact antibody conjugated biosensor performance by affecting antibody binding capacity, orientation and stability which in turn influence sensitivity and specificity. For example when developing a biosensor for cancer biomarker detection, spherical gold nanoparticles AuNPs with a size of 20-30nm surface functionalized with thiol groups for antibody attachment and known stability under physiological conditions may be suitable for enhancing sensitivity and specificity in the assay.",2
4,LOD - limit of detection. LOD = 3.3 * standard deviation of blank measured / slope of calibration line. (3.3 * standard deviation of lowest conc / slope of calibration line).,1
4,LOD may also be calculated based on the standard deviation of the response of the curve and the slope of the calibration curve. LOD = 3 * standard deviation of lowest concentration / slope of the calibration line.,1.5
2,More recent strategies to achieve selectivity of a biosensor with enzyme biosensor use nanomaterials in the enzyme immobilization matrix or as electrode material. b) By maximize the no. of intensity of signals per event.,2
3,"The biosensor based on the co-immobilization of reagent of TMB & HPR. The HPR in presence of H2O2, catalysed the oxidation of TMB producing blue color. The generated biosensor doped with the substrate TMB & HPR has been used to determine H2O2 in real sample. a) Best suitable for immobilization. b) Analytical property of H2O2. Advantage: 1) Enhanced Sensitivity 2) Improved Specificity 3) Faster Response Times",3
1,"Colorimetric biosensors using nanomaterials for TMB oxidation is better in terms of increasing specificity and sensitivity compared to HRP-based biosensors. Enhanced sensitivity - Nanomaterials like Au or graphene oxide can significantly enhance catalytic activity of enzymes like peroxidase which leads to more efficient TMB oxidation and amplifies colorimetric signal allowing detection of lower analyte concentration. Since colorimetric biosensors detects particular analyte through colour changes which can be viewed by naked eye or optical detectors thus it a more efficient in proving specificity. Advantages: Improved sensitivity allows for smaller sample volumes to be used. It can be easily modified to detect multiple analytes simultaneously. It can achieve lower detection limits, making them more sensitive to trace amounts of analytes compared to HRP-based biosensors.",4
3,"Physicochemical properties of nanomaterials can have significant impact on performance of Ab-conjugated biosensors. Size and Surface Area: smaller size of nanomaterials provide larger surface area for Ab-immobilization which enhances sensitivity. Surface Chemistry: surface chemistry of the materials can be modified to control density and orientation of immobilized Ab. Stability of those materials under various environmental conditions can impact the sensor's longevity and reliability. Certain Quantum dots exhibit unique properties which can be exploited for signal amplification or multiplexed detection. While considering the best suited nanomaterial following criteria must be checked: Nature of target analyte (DNA, protein). For detecting protein biomarker like cancer Ag, AuNPs with functionalized Ab may be appropriate due to high surface area. Sensitivity - smaller NPs can provide higher sensitivity. QDs with excellent photophysical properties used for ultrasensitive detection of low-abundance proteins.",2
2,"Strategies for enhancing selectivity of biosensors: Use highly specific receptors. Modify sensor surface with molecules that can block non-specific binding site. Utilize size or shape-based separation methods for isolating particles. Employing selective detection techniques to specifically recognize target molecule's unique properties. Use signal amplification methods like nanoparticles. Biofunctionalization of AuNPs involves modifying surface with biological molecules such as proteins, Ab, DNA.",2
4,Limit Of Detection: LOD = 3 * standard deviation of lowest concentration / slope of calibration line. It is used to determine lowest concentration of an analyte in a sample that can be reliably detected but not quantified.,1
2,"The bifunctionalization of AuNPs is achieved by conjugating anti-neuraminidase (NA) antibody (anti-NA Ab) to thiolated AuNPs. The biosensor is highly specific due to the Ag-Ab (Antigen-Antibody) interaction involved in the biosensor mechanism. Strategies involved to enhance the selectivity of the biosensor and reduce interference from non-target molecules; the biosensor employs a combination of LSPR-induced optical transduction from AuNP labeled anti-NA antibody and the fluoroscene signal generated from adjacent alloyed CdSeTeS QD-labeled anti-HA Ab. This combination of optical transduction methods provide a high level of sensitivity and specificity for detecting target viruses. Here, the specificity of the biosensor is due to the Ag-Ab interaction. Anti-NA Ab conjugated AuNPs and anti-HA Ab-conjugated QDs are designed to interact specifically with the Ags displaying on the surface of the target virus.",4
1,"Calorimetric biosensors that utilize TMB (3,3',5,5'-Tetramethylbenzidine) oxidation with nanomaterials can enhance selectivity and specificity compared to traditional sensors using HRP based biosensors. This can be achieved as follows a few improvements and advancement. These are the following - Enhance Signal Amplification, Reduced Background Noise, Higher Specificity, Fast Response Time, Miniaturization and Portability.",3
4,"Typical approach to estimate LOD consist of measuring replicates, usually n=20, of a zero calibrator or blank samples, determining the mean value and SD, and calculating LOD as the mean + 2SD. LOD = 3* standard deviation of lowest concentration/Slope of the Calibration line.",1.5
1,"Calorimetric biosensors utilizing nanomaterials can improve sensitivity and specificity compared to traditional sensors using HRP based biosensor through several mechanism. Enhanced Surface area: Nanomaterials, often on the nanometer scale, possess an extraordinarily high surface area per unit volume due to their small size and unique property. This enables the efficient immobilization of biomolecules like antibodies or enzymes. By providing a larger surface area for biomolecule attachment, it increases the chances of interactions with target analytes. Signal amplification: Nanomaterials offer significant signal amplification capabilities, which contribute to improved sensitivity in various ways like - Electrochemical amplification - Calorimetric amplification: nanomaterials can serve as catalytic centers, accelerating oxidation of TMB. This leads to a more rapid and pronounced color change. - Improved stability",3
2,Biofunctionalization of AuNPs is achieved by thiolation the AuNPs with L-cysteine and then conjugating anti-neuraminidase (NA) antibody (anti-NA ab) to the thiolated AuNPs. The conjugation of (NA) antibody (anti-NA ab) to thiolated AuNPs is a well-established method for the biofunctionalization of AuNPs. The specificity of the biosensor is due to the antigen-antibody interaction involved in the biosensor mechanism. The anti-NA Ab-conjugated AuNPs and anti-HA Ab-conjugated QDs are designed to interact specifically with the antigens displaying on the surface of the target virus. This interaction induces a LSPR signal from adjacent AuNPs to trigger fluorescence enhancement changes in the QDs in proportion to the concentration of the target virus.,4
1,"Calorimetric biosensors has colourless TMB solution which get oxidised into a blue solution by H2O2 in the presence of a catalyst. Therefore, TMB and H2O2 were used as the reaction substance to evaluate the peroxidase-like activity. Calorimetric biosensor is faster than the traditional, and it is more accurate. Calorimetric biosensors are smaller in size and they also consume less power. Signal is measured in this by measuring the OD value. Magnetic Nanobeads are formed which gives more accurate result.",2.5
2,"AuNP are the colloidal suspension of gold particles of nanometer size. AuNP is synthesised by reduction of chloroauric acid in the presence of stabilising agent. The most commonly used method, the citrate synthesis method, includes reduction of chloroauric acid using trisodium citrate resulting in the formation of AuNP. AuNP binding of target biomolecules to the sensor surface, only the molecules containing TMB will bind with the AuNP then only colour is supressed. The strategies that are used to enhance the selectivity of the biosensor??",1
3,Physiochemical properties of different types of nanomaterials affect the performance of antibody conjugated biosensor because different nanomaterials shows different characteristics based on size.,1
4,"The LOD is defined as the minimum input quantity that can be distinguished more than 99% fidelity, and can be calculated LOD = 3E/S where E is the output uncertainty.",1
2,"The biofunctionalization of gold nanoparticles (AuNPs) involves attaching specific biomolecules (eg: antibodies, DNA, enzymes) to the surface to enable selective binding of target molecules. Achieving specificity and reducing interference is challenging but many strategies can enhance selectivity of the biosensor: 1) Thiol Chemistry: Thiolated biomolecules can form strong covalent bonds with the gold surface. This ensures stable attachment of recognition elements. 2) Functional groups: Various functional groups (eg. amino acids, carboxyl, biotin) can be used for conjugation with AuNPs. 3) Linker molecules: Provides flexibility and proper binding orientation. 4) Spacer molecules: To reduce steric hindrance and enhance binding specificity, spacer molecules of appropriate length is inserted between the AuNPs and recognition elements. To improve specificity of binding and reduce interference: 1) Antibody/Antigen Compatibility is very important. 2) Molecular imprinting: developing of imprinted polymers that mimic binding sites of the target molecule. 3) Dual recognition: Multiple recognition elements (eg: antibodies/aptamers) for same target to enhance specificity. 4) Blocking Agents: To minimize non specific adsorption of interfering molecules to sensor surface. 5) Nanomaterial modifications with molecules that specifically interact with target analyte. 6) Sample pre-treatment: to remove/reduce interfering substances that may cross-react with the biosensors. 7) Multiplexing: Use arrays of different recognition elements to detect multiple targets simultaneously, increasing specificity.",3
3,"Here are some consideration for selecting nanomaterials in specific antibody based biosensing applications: 1) Size and Surface Area: Smaller nanoparticles can larger surface areas, allowing for more antibody immobilization. 2) Shape: Different shapes offer varying surface geometries that can affect antibody orientation and binding efficiency. 3) Surface chemistry: Surface functional groups on nanomaterials impact ease of antibody conjugation and specificity. Eg: Carbon nanotubes with their versatile surface chemistry can be functionalized with antibodies using suitable linker chemistry. 4) Optical properties which can be exploited for signal amplification. Eg: Quantum dots with their tunable fluorescence properties can be used for sensitive fluorescent biosensors.",2
2,"Biofunctionalization of AuNP is achieved by modifying their surface with specific biomolecules to confer selectivity and enhance their binding properties for target molecules. The binding specificity is enhanced and achieved by the following strategies: a) Surface Modification with Biomolecules: Biomolecules can adsorb onto the AuNP surface through electrostatic and hydrophobic interactions, facilitating a non-covalent binding approach, and AuNP has high affinity for thiols (SH), allowing the surface modification with thiol containing biomolecules. b) Functionalization & Recognition: Antibodies, Nucleic acids & Aptamers act as the elements for functioning and recognition. Highly specific antibodies can be attached to AuNPs to selectively bind antigens or molecules. Complementary DNA/RNA sequences can also be very highly specific. Short nucleic acid sequences known as aptamers with high affinity to target can also be utilized. c) Enhancing Selectivity: Creating a multilayered structure with different recognition elements improve selectivity. Using layers of antibodies and aptamers can increase the specificity by requiring both molecules to recognize the target. d) Reducing Interference: Blocking agents, Washing Steps, Signal Amplification are carried out to reduce the interference. Interference is the most crucial steps where most of the biosensors fail to function in a correct manner.",4
4,"Limit of Detection (LOD) is defined as the minimum input quantity that can be distinguished with more than 99% fidelity. It can be calculated as: 3 e/S, where, e (Standard Deviation) of what? S (Slope)",1
4,"LOD = 3 x standard deviation of lowest concentration / slope of the calibration line. The LOD (Limit of Detection), is a statistical measurement used to determine the lowest concentration of a substance that can be reliably detected but not necessarily quantified.",1.5
1,"Colorimetric biosensors utilizing nanomaterials for TMB oxidation offer several advantages over traditional sensors using HRP based biosensors, enhancing both sensitivity and specificity of detection - 1) Enhanced Sensitivity: Nanomaterials, such as gold nanoparticles or graphene oxide have a high surface area-to-volume ratio, allowing for the immobilization of a large no. of enzyme molecules. 2) Improved specificity: Functionalization of nanomaterials with specific ligands or antibodies can enhance the selectivity of the biosensor. 3) Stability and Longevity: Nanomaterials can improve the stability and shelf-life of the biosensor. 4) Miniaturization and Portability: Nanomaterials based biosensor can be integrated into small, portable devices for point-of-care testing and field application, offering convenience and accessibility. 5) Cost-effectiveness: Nanomaterials can be more cost-effective than enzyme like HRP. This can make the biosensor more affordable and suitable for widespread use.",2.5
2,"Bio functionalization of AuNPs is typically achieved by attaching biologically active molecules such as Antibodies, aptamers or DNA probes to the AuNP surface. The binding of target biomolecules to the sensor surface is highly specific due to complementary interaction between the functionalized AuNPs and the target. Strategies to enhance selectivity and reduce interference from non-target molecules include - 1) Multivalent Binding 2) Blocking and Passivation 3) signal Amplification 4) Negative controls.",2
3,The choice of nanomaterials can significantly affect the performance of antibody-conjugated biosensors. Here are some criteria to consider when selecting a most appropriate nanomaterial for a specific Ab-based biosensing application - 1) size and surface Area -> smaller nanomaterials typically offer a higher surface area-to-volume ratio. 2) shape -> shape of the nanomaterials can influence how antibodies are oriented and interact with target molecule. 3) Biocompatibility -> consider whether the chosen nanomaterial is biocompatible for the intended biological application. 4) stability -> Access the stability of the nanomaterial in the given environment. 5) Cost -> cost consideration may also be important.,1
2,"Biofunctionalization of AuNPs involves modifying the nanoparticle surface with biologically active molecules (antibodies, DNA, proteins) to enable specific binding to target biomolecules: i) Biofunctionalization of AuNPs - surface modifications, stabilizing agents, thiol chemistry. ii) Specificity of target biomolecule binding: antibodies & ligands, molecular complementarity, optimized conditions. iii) Enhanced selectivity & reduced interference: multifunctionalization, molecular imprinting, signal amplification, blocking agents.",2
1,"Calorimetry biosensors based on TMB (3,3',5,5'-tetramethyl benzidine) oxidation can offer certain advantages in terms of sensitivity and specificity compared to biosensors relying on HRP (Horse Radish Peroxidase) by having the following properties: Sensitivity is better in case of TMB as it produces a more intense colorimetric signal when oxidized compared to typical peroxidase substrates like ABTS. This increased color intensity leads to better detection. TMB oxidation generally produces low background signal in the absence of target analyte, producing better results by reducing false-positives, and improving specificity. Advantages include: Wider pH Range of detection. TMB remains stable for longer durations reducing the need for frequent substrate replenishment. TMB is often more cost-effective than HRP substrates.",4
2,"The biofunctionalization of gold nanoparticles is achieved by: Cross-linking: To enhance stability and prevent aggregation, additional agents like polyethylene glycol (PEG) or bifunctional cross-linkers are used on the surface. Blocking: Unreactive binding sites on the surface are blocked. Surface Modification: AuNPs have a citrate or other stabilizing agent on their surface which needs to be replaced by a functional layer such as thiolated DNA or thiolated antibodies. Binding Molecule Attachment: Thiolated biomolecules form strong bonds with the gold surface creating a self-assembled monolayer (SAM) of biomolecules. This confers biofunctional properties to the particle. Strategies to improve selectivity and reduce interference includes: Cross-linking: To enhance stability and prevent aggregation, additional agents like PEG (Polyethylene glycol) are used on the surface. Blocking: Unreactive binding sites are often blocked to prevent non-specific adsorption, reducing background noise during assays.",3
3,"Some key factors to consider include: Biocompatibility. Stability & Longevity. Size and shape of the nanomaterial. Optical properties (such as due to quantum confinement). Conductivity (interactions change conductivity enabling label-free detection). Dimensionality. Cost & Availability. To explain the above scenario, we can take the example of developing a biosensor for detecting a cancer biomarker in blood samples. Biomarker is a protein and we need high sensitivity and specificity. In this case, we can consider Magnetic nanoparticles functionalized with antibodies. They are excellent in isolating and concentrating the target protein from complex biological samples. The magnetic properties facilitate easy separation & detection.",2
4,LOD stands for Limit of Detection. LOD = 3.3 * (Standard Deviation of Blank) / Slope of the calibration curve. It represents the lowest concentration of an analyte that can be reliably detected but not quantified.,1
1,"Colorimetric biosensors utilizing nanomaterials for TMB (3,3',5,5'-TetraMethylBenzidine) oxidation offer several advantages like sensitivity and specificity: a. Enhanced sensitivity: Gold NanoParticles (AuNPs) or graphene oxide can amplify the signals of colorimetric assay. This is achieved through LSPR effect, which result in a stronger color change for a given amount of analyte. b. Improved specificity: Nanomaterials can be functionalized with specific ligands or antibodies that selectively bind to the target analyte. This ensures that the colorimetric response is primarily due to the presence of target molecule, reducing false positive. Other advantages: Reduced Interference, Stability and Reusability, Miniaturization and Portability, Lower cost and compatibility.",3
2,"Biofunctionalization of AuNPs (Gold NanoParticles) is a process of modifying the surface of gold nanoparticles with bioactive molecules or ligands to impact specific functions. This is achieved by: Start by synthesizing AuNP. Next step is to modify the surface of AuNP by thiol containing molecules. To make AuNP biofunctional, attach biomolecules like DNA, proteins. Characterize the biofunctionalized AuNP. The specificity of the binding between a target molecule and the sensor surface of AuNP depends on functionalization, environmental conditions, competing molecules etc. To enhance the selectivity of a biosensor and reducing interference from non-target molecules is achieved by: Blocking agents, Selective detection methods, Control experiments, Signal amplification etc.",2.5
3,"The physicochemical properties of different types of nanomaterials, which affect the performance of antibody conjugated biosensors: Size, surface area, Charge, Stability, Surface chemistry, Surface Plasmon Resonance (SPR), Biosensor architecture, Signal Readout. Criteria that are most important: Biocompatibility, Size and surface, Stability, Optical properties. Example: If we want to develop an Ab-based biosensor for cancer detection check for compatibility, tunable size, surface chemistry of the biosensor.",2
4,"Limit of Detection: LOD is a statistical measure used to determine the lowest concentration of a substance that can be reliably detected but not necessarily quantified. To calculate LOD, we use the formula: LOD = 3.3 x (Standard deviation of the blank) / (slope of the calibration curve). The 3.3 factor is based on the statistical consideration and is used to provide a level of confidence in the detection limit. Standard deviation of blank sample represents the inherent variability of your measurement system when no analyte is present. Slope of calibration curve represents how the instrument responds to changes in concentration. LOD is specific to measurement method and instrument you are using.",1.5
1,"Colorimetric biosensors utilizing nanomaterials for TMB oxidation offer several advantages over traditional sensors using HRP based biosensors. Enhanced Sensitivity: Nanomaterials such as gold nanoparticles, carbon nanotubes, provide high surface area for immobilizing biomolecules, thereby increasing number of binding sites for target analyte, leading to improved sensitivity. The enhanced surface area allows higher loading of capture molecules, which means, low concentration of target can be detected. Improved specificity: The functionalization of nanomaterials with specific ligands or antibodies can enhance selectivity of the biosensor. Thus lesser false-positive and lesser false-negative results are generated. Some advantages include: a) Nanomaterials are more stable, sensitive to pH, temperature. b) Can be incorporated into portable devices. c) cost effective. d) can be regulated & reused.",4
2,"Biofunctionalization of AuNPs can be achieved by attaching specific biomolecules to the nanoparticle surface. This process enhances specificity of binding target biomolecules to sensor surface. 1) Covalent conjugation of AuNPs with linkers, cross linking agents. 2) Thiol chemistry - Thiolated biomolecules, DNA, proteins, antibodies, peptides can be linked with Au via gold-sulphur bonds. 3) Electrostatic chemistry - Oppositely charged biomolecules attached. 4) Aptamers - Single oligonucleotides, peptides for specific target binding. Strategies: Selective biomolecule recognition, optimize binding conditions, Signal amplification.",3
3,"Physicochemical properties of nanomaterials play an important role in performance of antibody conjugated biosensors. 1) Size and surface area -> High surface area to volume ratio. 2) Surface chemistry -> Nanomaterials modified with functional groups or coatings. 3) Electrical properties -> Conductivity -> Graphene nanosheets monitor real time changes in electrical signals. 4) Biocompatibility. 5) Stability of nanoparticles/nanomaterials to pH, temperature. 6) Optical properties -> Plasmonic nanoparticles enable label free and sensitive detection methods. Detection of cancer biomarker - Use of gold NP for high sensitivity through colourimetric assays. Graphene nanowires monitor electrical conductivity changes upon biomarker binding.",2
4,"Limit of Detection (LOD). LOD = 3 * Standard deviation of the lowest concentration / slope of the calibration line. Eg: A fluorophore reacts with bacteria, its intensity is increasing with increasing concentration of bacteria. Calibration curve to calculate LOD score.",1.5
1,"Colorimetric biosensors utilizing nanomaterials for TMB oxidation can enhance sensitivity & specificity compared to traditional sensors using HRP based biosensor through several mechanisms like, Enhanced Catalytic Activity, Increased Surface functionalization, Tunable properties, Stability, Resistance to interference, Multiplexing, Miniaturization & Portability. In summary, nanomaterials in colorimetric biosensors for TMB oxidation improve sensitivity & specificity by providing superior Catalytic activity, customization options, stability, & resistance to interference. These advantages make nanomaterial based biosensors valuable tools in applications such as medical diagnostics, environmental monitoring & food safety testing, where accurate & specific detection is crucial.",2
2,"Biofunctionalization of AuNPs is achieved through surface modification with molecules like thiolated ligands or amine modified biomolecules. Specific binding of target biomolecules to the sensor surface is typically highly specific due to the use of antibodies, aptamers, or DNA probes. Strategies for enhancing selectivity and reducing interface include optimized recognition elements, surface blocking, signal amplification, multirecognition elements, control experiments, and sample pretreatment. These approaches collectively ensure the biosensor's specificity while minimizing interference from non-target molecules.",2
3,"The physicochemical properties of nanomaterials significantly influence the performance of antibodies conjugated biosensors, such as sensitivity, specificity, stability etc. -> Surface area & functionalization potential. -> Conductivity & Electron transfer properties. -> Nanowires -> Nanosheet -> Shape & size. Appropriate biosensor for specific antibody we look for - target analyte - biosensor type - Sample matrix - Budget & scalability. Ex - Develop a biosensor for cancer biomarker detection in serum. -> choose gold nanodots -> biocompatibility, plasmonic properties for enhanced sensitivity & ability to easily functionalized with antibodies for specific biomarker recognition. It has a high surface area.",3
4,The Limit of Detection (LOD) can be calculated using the following formula: LOD = 3.3 * Standard deviation of the blank / slope of the calibration curve. This formula is based on the standard of blank & slope of the calibration curve. It provides a quantitative measure of the lowest detectable concentration of an analyte with reasonable certainty.,1
4,LOD = 3.3 (Sy/S) where Sy = Standard deviation of the response of the curve. S = slope of the calibration curve. Steps: (a) collect data. (b) calculate the standard deviation of the blank. (c) Create a calibration curve. (d) Determine the slope of the curve. (e) Apply the formula.,1.5
1,"The ways in which nanomaterials for TMB oxidation can enhance specificity & selectivity compared to traditional sensors: (a) Enhanced Surface Area - Nanomaterials provide large surface area allowing higher density of immobilized capture molecules. This increases chances of binding to target analyte improving sensitivity. (b) Catalytic Activity - Some nanomaterials have intrinsic catalytic activity accelerating TMB oxidation reaction. Catalytic enhancement results in more sensitive detection. (c) Improved Stability - Nanomaterials can protect immobilized capture molecules from denaturation. (d) Reduced interference - HRP-based sensors suffer from non-specific binding. Nanomaterial based sensors can be engineered to reduce non-specific binding, enhancing specificity. (e) Signal amplification - Nanomaterials can be functionalized with multiple molecules leads to enhancing sensitivity.",3
2,Achieving specificity in binding & enhancing selectivity in biosensors utilizing AuNPs involve several strategies: (a) Recognition Elements. (b) Blocking agents. (c) Thiol blocking. The biofunctionalization of gold nanoparticles (AuNPs) involve modifying their surface with specific molecules that allow for selective binding of target molecules.,2
3,(a) Size & Surface Area: Smaller nanomaterials typically have a larger surface area-to-volume ratio. These enhance the loading capacity of antibodies & improve sensitivity. Ex: AuNPs are often chosen for their small size and high surface area making them suitable for antibody immobilization in colorimetric biosensor. (b) Biocompatibility - Nanomaterials should not induce cytotoxicity with biological interactions. Ex: Biocompatible carbon nanotubes can be used for antibody-based biosensors in cell cultures without adverse effects. (c) Optical Properties - Ex: Graphene-based materials. (d) Magnetic properties - Ex: Iron oxide nanoparticles.,2.5
4,LOD - limit of detection. LOD = 3.3 * Standard deviation of lowest concentration / Slope of calibration line. This formula is based on standard deviation of the blank and the slope of the calibration curve. 3.3 corresponds to confidence level. Standard deviation of the blank is determined by measuring a series of blank samples. Slope is obtained from a linear regression analysis of the calibration curve data.,1.5
3,"The physicochemical properties of nanomaterials significantly influence the performance of antibody conjugated biosensors, such as sensitivity, specificity, stability etc. Surface area and functionalization potential - nanodots - high surface area to vol ratio; nanowires - provide a linear structure; nanosheets - offer a 2D structure. Conductivity & Electron transfer properties - nanodots - possess excellent electron transfer properties; Nanowires - display good conductivity; nanosheets - can possess unique conductivity properties. Shape & size - nanodots, nanowires, nanosheets can be tailored in size & shape, eg. smaller nanodots might offer higher sensitivity. When selecting the most appropriate nanomaterial for a specific antibody-based biosensing application, we consider the following criteria - target analyte - understand properties of the target analyte; biosensor type - consider a biosensor platform, choose a nanomaterial that aligns with the sensing mechanism; Sample Matrix - assess complexity of the sample matrix; Budget & Scalability - evaluate cost effectiveness. Eg - suppose we are developing a biosensor for cancer biomarker detection in serum sample, we choose gold nanodots due to their excellent biocompatibility, plasmonic properties for enhanced sensitivity & ability to easily functionalized with antibodies for specific biomarker recognition. It has a high surface area.",3
1,"Colorimetric biosensors of TMB oxidation utilizing nanomaterials improve the sensitivity & specificity of detection compared to traditional sensors using HRP based biosensors as they have - Robustness to harsh environments, tunable catalytic activity, low cost, ease of mass production while retaining the inherent properties of nanomaterials, high surface to volume ratio, i.e. surface area. Therefore advantages are improved sensitivity, specificity of detection, improved limit of detection.",2.5
2,"Biofunctionalization of gold nanoparticles (AuNPs) involves modifying the nanoparticle surface with biologically active molecules (such as antibodies, DNA, proteins) to enable specific binding to target biomolecules. Strategies to enhance selectivity are - i, Biofunctionalization of AuNPs - surface modifications, stabilizing agents, thiol chemistry. ii, Specificity of target Biomolecule Binding - antibodies and ligands, molecular complementarity, optimized conditions. iii, Enhanced selectivity & reduced interference - multi-functionalization, molecular imprinting, signal amplification, blocking agents. We can amplify signal strength by properties like LSPR of AuNPs to enhance fluorescence in quantum dots.",2
1,The limit of detection can be calculated using the following formula: LOD = 3.3 * standard deviation of the blank / slope of the calibration curve. The formula is based on standard deviation of the blank and the slope of the calibration curve. 3.3 corresponds to the confidence level. Standard deviation of the blank is determined by measuring a series of blank samples. Slope is obtained from a linear regression analysis of the calibration curve.,1.5
2,"They enhance sensitivity and specificity compared to the traditional HRP-based biosensor by: 1) Increased surface area - They provide high surface area for immobilizing biomolecules allowing more binding sites and enhances the capture of target molecules. Catalytic properties - Nanomaterials possessing intrinsic catalytic properties amplifies the signal generated during the enzyme reaction. Stability and shelf life - They are more stable and have longer shelf life compared to traditional enzyme based sensors, reducing the risk of false readings due to enzyme degradation. Reduced interference - They provide a better signal to noise ratio by reducing non-specific binding.",2
3,"The physicochemical properties of nanomaterials significantly influence the performance of antibody conjugated biosensors such as sensitivity, specificity, stability and so on. 1) Surface area and functionalization potential - Nanodots - high surface area to volume ratio. Nanowires - provide a linear structure. Nanosheets - offers a 2D structure. 2) Conductivity and electron transfer properties - Nanodots - possess excellent electron transfer properties. Nanowires - display good conducting. Nanosheets - can possess unique conductivity properties. 3) Shape and size - Nanodots, nanowires and nanosheets can be tailored in size and shape. When selecting the most appropriate nanomaterial for a specific antibody based biosensing application we consider: Target analyte - Understand properties of the target analyte. Biosensor type - Choose a biosensor platform with a nanomaterial. Sample matrix - assess complexity of the sample matrix. Budget and scalability - evaluate cost effectiveness. Example - Suppose we are developing a biosensor for cancer biomarker detection in serum sample, we choose gold nanodots due to their excellent biocompatibility, plasmonic properties for enhanced sensitivity and ability of easily functional with antibodies of specific biomarker recognition.",2
1,"To improve the sensitivity and specificity, the mechanisms are: * increased surface area: Nanomaterials provide a high surface area for immobilizing biomolecules like antibodies and enzymes. This allows more binding sites and enhances the capture of target molecules increasing sensitivity. * catalytic Properties: Some nanoparticles possess intrinsic catalytic properties, which can amplify the signal generated during the enzymatic reaction. e.g -> gold nanoparticles can catalyze the oxidation of substrates like TMB, leading to enhanced signal amplification. * signal enhancement: Nanomaterials can enhance the colorimetric signal due to their unique optical properties. * Stability and shelf life: Nanomaterial based sensors are often more stable and have longer shelf lives compared to traditional enzyme-based sensors, reducing the risk of false readings due to enzyme degradation. Advantages: -> Nanomaterial based sensors often offer faster response times due to their high surface-to-volume ratio and efficient mass transfer properties. -> Functionalization of nanomaterials with specific biomolecules (e.g. antibodies, aptamers) enhances the sensor's specificity by selectively binding to the target analyte, reducing false positives.",3
2,"Biofunctionalization of AuNPs involves the modification of their surface with specific biomolecules, such as antibodies, aptamers, or DNA strands, to enable the selective binding of the target molecules. The process involves: (1) surface modification (2) Attachment of Biomolecules (3) cross-linking and blocking (4) target binding. The specificity depends on the affinity and selectivity of the biomolecules used for functionalization. Antibodies, aptamers, and other specific ligands are chosen for their ability to recognize and bind to particular molecules with high specificity. several Strategies to enhance the selectivity of biosensors and reducing interference from non-target molecules: (1) use of specific recognition Elements: choose highly specific recognition elements like antibodies, aptamers, MIPs that have a strong affinity for the target analyte. (2) surface functionalization can be employed. (3) using magnetic beads and Microfluidics.",2
4,"LOD - limit of detection LOD = 3.3 * standard deviation of lowest conc. / slope of calibration line. To calculate LOD, (a) For a 3:1 signal-to-noise ratio LOD: LOD = (3 * SD of blanks) / slope of the calibration curve (b) For a 2:1 signal-to-noise ratio LOD: LOD = (2 * SD of Blanks) / slope of the calibration curve.",1.5
4,"The LOD, or limit of Detection is a statistical measure used to determine the lowest concentration of a substance that can be reliably detected but not necessarily quantified. To calculate LOD we use the following formula: LOD = 3.3 * (SD of the blank / slope of calibration curve). Here SD of the blank = Standard Deviation of measurements taken from blank samples. Slope = Determined by creating a calibration curve using known conc. of the analyte.",1.5
3,The physicochemical properties of nanomaterials play a crucial role in the performance of antibody-conjugated biosensors. Size and Surface area: The size of nanomaterials can affect the available surface area for antibody binding. Surface chemistry: The surface functional groups of nanomaterials can influence antibody attachment and stability. Charge: The charge of nanomaterials can affect their interaction with antibodies. Shape: The shape of nanoparticles can impact their performance. Stability: The stability of nanomaterials under the condition of biosensor assay is critical.,2
2,"Biofunctionalization of AuNPs is a process of modifying the surface of gold materials with biologically active molecules or ligands. Synthesis starts by: synthesizing gold nanoparticles using a suitable method. Surface modification: The next step is to modify the surface. The specificity of the binding between a target biomolecule and sensor surface of AuNPs can vary depending on: Functionalization, Biomolecule properties, Environmental condition, Competing molecules, Detection method, Control experiment, Surface chemistry. Enhancing can be achieved by: Specific ligands, Blocking agents, Surface chemistry, Selective detection method, Control experiment, Buffer conditions, Signal amplification.",1
1,"Colorimetric biosensors utilizing nanomaterials for TMB oxidation enhance sensitivity & specificity by leveraging the unique properties of nanomaterials. Firstly, nanomaterials provide a greater surface area enabling more binding sites for the biomolecules, enhancing sensitivity. Secondly, during the oxidation of TMB, efficient electron transfer is carried out by nanomaterials, improving sensitivity further. Lastly, the tunable properties of nanomaterials allow precise customization, optimizing conditions for enhanced specificity in detecting target biomolecules. Some advantages are: i) heightened sensitivity due to large surface area for biomolecule binding ii) improved specificity through precise customization of nanomaterial properties for selective target detection.",3.5
2,"Biofunctionalization of AuNPs (gold nanoparticles) is typically achieved by modifying their surface with specific biomolecules like antibodies, DNA or proteins that can selectively bind to target molecules. This is often done through techniques like thiol chemistry where thiolated biomolecules form strong [circled: covalent bonds] with gold surfaces. Regarding the specificity of binding, biofunctionalized AuNPs enhance specificity by utilizing highly selective biomolecules. The binding is highly specific as the biomolecules attached to the AuNPs are chosen to specifically interact with the target molecules of interest, improving the accuracy & precision of detection in biosensors. To enhance sensitivity and reduce interference from non-target molecules in biosensors, strategies include: 1. Specific Biomolecule Selection: Choose biomolecules (e.g., antibodies, aptamers) with high affinity and specificity for the target molecule, ensuring accurate binding. 2. Surface Modifications: Apply surface coatings or functional groups that promote selective binding of the target molecule while minimizing interactions with non-target molecules.",2
3,"The physicochemical properties of nanomaterials such as nanodots, nanowires and nanosheets significantly impact the performance of antibody-conjugated biosensors: i) Surface Area and Binding Capacity: Nanodots have a high surface area to volume ratio, providing ample binding sites for antibodies, enhancing sensitivity. ii) Electrical and Optical Properties: Nanodots and nanowires often exhibit excellent electrical conductivity, enabling signal amplification and enhancing the biosensor's sensitivity and response. When selecting the most appropriate nanomaterial for a specific antibody-based biosensing application, consider the following: i) Target Molecule size and shape ii) Antibody immobilization efficiency iii) Signal Amplification potential iv) Biocompatibility & stability",2
4,"The limit of Detection (LOD) can be calculated using the following formula: LOD = 3 * σblank / S. The LOD is typically defined as 3 times the standard deviation of the blank (σblank) divided by the slope of the calibration curve (S). This calculation gives a threshold below which the signal is unlikely to be significantly different from the background noise, allowing one to determine the minimum concentration of the analyte that can be reliably detected.",1
1,"Enhanced selectivity: Use of NP provide more surface area for binding sites for the target analyte, leading to improved sensitivity. Improved Specificity: Functionalization of NP with specific ligands or biomolecules. NP are more stabilized than the biological molecule like HRP. Advantage: cost effective. Faster response time.",4
2,AuNP (Gold Nano Particle) is biofunctionalized by first coating the surface of the NP with a polar substance like PEG and then attachment of a biomolecule like an Antibody. The surface of the AuNP contains specific receptors which can be recognized by the specific receptors of the cells like the induced fit model of the ligand and enzyme. Strategies: 1) Calibration of the sensor. 2) Modifying the surface receptors of the NP. 3) Cross check with mixture of analyte. 4) Use of nanomaterials for the increase of volume to surface ratio.,2
3,Size and surface area of nanomaterials are more thus offering more binding sites. Nanomaterials can be surface modified with various functional groups. Conductive materials like graphene nanomaterial can be more conductive in producing proper electrical signal.,2
4,"LOD = 3 x Standard deviation of lowest concentration of analyte / Slope of the calibration line. Suppose the known conc. of bacteria are 0, 1nM, 10nM, 100nM, 1uM, 10uM and for each of the known concentration different results are obtained in triplicate. Then we determine the standard deviation of those results using the formula sqrt(sum(x-x_bar)^2 / N-1) where x_bar is the mean of the results obtained.",1.5
1,"Colorimetric biosensors using nanomaterials for TMB oxidation compared to traditional sensors using HRP based biosensors, are more enhanced in case of sensitivity & specificity: i) Due to enhanced surface area to volume ratio of gold nanoparticles or carbon nanotubes, which allows more immobilization of Ab or enzymes, increasing the binding capacity & sensitivity of the biosensors. ii) No enzyme storage is required, because some nanomaterials have intrinsic catalytic properties. Therefore, it reduces cost & improves stability. iii) Nanomaterials like gold amplify the colorimetric signal via electron transfer processes. iv) Nanomaterials can be engineered to be more selective to reduce interference & non-specific binding. v) Nanomaterial based biosensors can provide low detection levels allowing detection of lower conc of analytes, due to high amplification. vi) Nanomaterials being miniature size is suitable for point of care testing & field application. Therefore, the advantages include: -> Improved sensitivity & specificity -> Improved stability -> Suitable for medical testing & diagnosis.",3
2,"The biofunctionalization of AuNPs is achieved & how specific is the binding of target biomolecules to the sensor surface can be explained: Biofunctionalization is achieved by: i) Surface modification - AuNPs have affinity for thiol (SH) groups making them suitable for modification with thiolated molecules like thiolated ligands, DNA, Abs or aptamers to functionalize AuNPs. These ligands have specific recognition elements to the target biomolecule. ii) Binding chemistry - Depends on specific ligands used - like for antibodies, their antigen-binding sites which are highly specific & sensitive. iii) Enhanced specificity: -> molecular recognition by increasing binding interaction. -> Proper orientation of ligands to maximize binding sites' exposure to target. Sensitivity enhancement strategy to improve & reduce interference: i) Blockers - Blocking agents - BSA, PEG ii) washing to remove unbound/non-specific binding molecules iii) competitive assays to compete with target for binding sites iv) Signal Amplification by enzymatic reactions/nanomaterials",4
3,To calculate LOD: -> measure signal from blank sample with no target analyte -> calculate standard deviation (SD) -> multiply SD by factor & add to mean blank signal -> Result to be obtained is LOD. LOD = 3.3(SD/S) where S = slope of calibration curve.,1
3,Criteria include: -> Small nanoparticles with large surface area to increase immobilization & binding capacity & sensitivity - eg AuNP. -> Suitable functional groups - eg surface modification of MNPs for targeted drug delivery. -> Optical properties like that of gold nanorods -> Electrical conductivity like that of C-nanotube -> Magnetic properties -> Biocompatibility -> Stability -> Target Biomolecule -> cost & scalability,2.5
1,Colorimetric biosensors of TMB oxidation utilizing nanomaterials improve the sensitivity and specificity of detection compared to traditional sensors using HRP based biosensors as they have: (a) Robustness to harsh environments (b) Tunable catalytic activity (c) Low cost (d) Ease of mass production while retaining the inherent properties of nanomaterials (e) High surface to volume ratio. Therefore advantages are improved sensitivity and specificity of detection and improved limit of detection (LOD).,4
2,LOD (Limit of Detection) = 3.3 * Standard Deviation of lowest concentration / Slope of Calibration Line. This formula is based on standard deviation of the blank and the slope of the calibration curve. 3.3 corresponds to confidence level. Standard deviation of the blank is determined by measuring a series of blank samples. Slope is obtained from a linear regression analysis of the calibration curve data.,1.5
3,"The physicochemical properties of nanomaterials significantly influence the performance of antibody conjugated biosensors, such as sensitivity, specificity, stability, etc. (a) Surface area and functionalization potential. Nanodots have high surface area to volume ratio. Nanowires provide a linear structure. Nanosheets offer a 2D structure. (b) Conductivity & Electron Transfer properties. Nanodots possess excellent electron transfer properties. Nanowires display good conductivity. Nanosheets possess unique conductivity properties. (c) Shape & size. Nanomaterials are tailored in different size & shape, i.e., Smaller nanodots usually offer higher sensitivity. When selection of the most appropriate nanomaterial for antibody based biosensing application, we consider: (i) Target analyte (ii) Biosensor type, i.e., the nanomaterial that aligns with the sensing mechanism. (iii) Sample matrix, i.e., its complexity. (iv) Budget & scalability. Thus properties like LSPR property, inertness, etc. should also be considered.",4
2,"Biofunctionalization of AuNPs involves modifying its surface with biologically active molecules (L-cysteine, antibodies, etc.) to enable binding of target molecules. Strategy to enhance: (a) Surface modification (b) Stabilizing agent (c) Specificity of target biomolecule binding, i.e. antibodies & ligands. Reduced interference & selectivity by: multi-functionalization, molecular imprinting, blocking agents. We can amplify signal strength by properties like LSPR of AuNPs to enhance fluorescence in quantum dots like CdSe/Te.",1
3,"The physiochemical properties of nanoparticles play a crucial role in the performance of antibody-conjugated biosensors. Size: Nanoparticle size affects the surface area available for antibody binding and the rate of diffusion in the sample. Smaller nanoparticles provide higher sensitivity due to larger surface to volume ratio but larger ones provide better stability. Surface chemistry: The surface of nanoparticles can be modified to enhance antibody binding and reduce nonspecific interactions. Coating on nanoparticles can impact specificity and sensitivity. Surface charge: Surface charge of nanoparticles affect their stability and electrostatic interactions with antibodies and target molecules. Biocompatibility: Nanoparticles must be biocompatible to avoid interactions with biological components of the assay, including Abs and target molecules. Criteria to be considered when selecting the most appropriate nanomaterial for specific antibody-biosensing: Target molecule: Different nanomaterials may be more suitable for specific target molecules due to binding properties. Eg: To detect specific protein, AuNPs functionalized with Abs might be suitable because they form stable conjugate with Abs. Sensitivity: Some nanomaterials offer enhanced sensitivity due to their unique properties. Eg: Quantum dots are semiconductor nanomaterials known for their bright and tunable fluorescence, suitable for ultrasensitive antibody-based biosensors. Specificity: We must ensure that the nanomaterials does not bind non-specifically to other components in the sample. MNP (Magnetic Nano Particles) provide high specificity in magnetic biosensors, enabling efficient capture and separation of target molecules.",3
1,"Colorimetric biosensors using TMB oxidation with nanoparticles can improve sensitivity and specificity because: Gold nanoparticles have high surface area which provides more sites for catalytic reactions. Thus, faster and more efficient TMB oxidation occurs leading to intense colour change. Catalytic activity of certain nanoparticles are superior to HRP which enable the detection of lower concentrations of target molecules. Nanomaterials can be functionalized with ligands such as Abs and aptamers which selectively bind to target molecules. This insures colourimetric reaction occurs only in presence specific analyte. Functionalized nanomaterials reduce chances of false results improving accuracy. Advantages: Lower detection limits, Long term storage, Stability, Versatility, Cost-effectiveness.",2
4,LOD = 3 x standard deviation of lowest concentration / slope of the calibration line,1
2,"The biofunctionalization of AuNPs is achieved by thiolating the AuNPs with L-cysteine and then conjugating anti-neuraminidase (NA) antibody to the thiolated AuNPs. The conjugation of NA antibody to thiolated AuNPs is a well-established method for the biofunctionalization of AuNPs. The specificity of the biosensor is due to the Ag-Ab interaction involved in the biosensor mechanism. The anti-NA Ab-conjugated AuNPs & anti-HA Ab-conjugated QDs are designed to interact specifically with the Ag displaying on the surface of target virus. This interaction induces an LSPR signal from adjacent AuNPs to trigger fluorescence-enhancement changes in the QDs in proportion to the concentration of the target virus. Strategies employed to enhance the selectivity of biosensor & reduce interference from non-target mol are: a) The biosensor employs a combinat of LSPR-induced optical transduction from AuNP labelled anti-NA Ab & fluorescence signal generated from adjacent alloyed CdSeTeS QD-labelled anti-HA Ab. b) This combinat of optical transduct method provides high level of sensitivity & specificity for detecting target viruses. c) Biosensor is designed to detect specific influenza strains (H1N1 & H3N2) & norovirus like particles. d) Biosensor employs a sandwich immunoassay format, which involves the use of two diff Ab that bind to diff epitopes on target virus. e) Biosensor is designed to minimize non-specific binding by optimising the conc of blocking agent & incubation time for blocking step. f) It is highly specific due to Ag-Ab interact involved in biosensor mechanism.",4
3,"The physico-chemical prop of nanomaterials play a crucial role in performance of Ab-conjugated biosensors -> Surface Area: Nanomaterials typically have high surface areas due to small size which can enhance Ab immobilization & incr binding capacity for target mol. Surface Functionalizat: The ease with which nanomaterials can be functionalized or modified with Ab is essential. Nanodots & nanowires can be functionalized with Ab more precisely. Eg: gold nanodots. Electrical conductivity is vital for biosensors like FET-based ones, making nanomaterials like carbon nanotubes or graphene nanosheets advantageous. Stability is essential as some nanomat. may degrade in biological env, impacting sensor performance. Eg: Nanomat. select is highly conductive graphene nanosheets in biosensor for rapid electrical detect.",2
4,The Limit of detection (LOD) is calculated as -> LOD = 3.3 x (Standard deviation of Blank) / Slope of the Calibration curve. LOD is the lowest conc of an analyte that can be reliably detected but not necessarily quantified in a measurement.,1.5
1,"Nanomaterial-based colorimetric biosensors for TMB oxidat offer enhanced sensibility & specificity compared to traditional HRP-based sensor. These adv. stem from their high surface area, improved stability, faster-response & cost-effective. Multiplexity: Nanomat. can be engineered to have distinct prop, which allows for dev. of multiplexed biosensor capable of detecting multiple targets simultaneously. This is challenging with HRP-based biosensor. Enhanced catalytic activity -> Nanomat. can significantly enhance catalytic activity for TMB oxidat compared to HRP. This allows detect of lower conc of analytes. Signal amplification leads to a more intense colour change making it easier to detect & quantify analytes even at low temp.",4
1,"Colorimetric Biosensors utilizing nanomaterials for TMB oxidation offers several advantages over traditional biosensors using HRP systems in terms of sensitivity & specificity etc. Enhanced Sensitivity: Nanomaterials, such as gold nanoparticles (AuNPs) or graphene oxide (GO), can provide a large surface area for immobilizing biomolecules like antibodies or enzymes. This increased surface area allows for higher loading of the recognition elements, improving sensitivity. Catalytic properties of some nanomaterials can amplify the signal. For example, AuNPs can catalyze the oxidation of TMB leading to signal enhancement.",2.5
2,"Improved Specificity: Functionalization of nanomaterial with specific ligands or antibodies can enhance the selectivity of the biosensor by allowing targeted recognition of a particular analyte. The immobilization of biomolecules on nanomaterials can reduce non-specific binding improving the specificity of the biosensor. Other advantages of using colorimetric biosensors of TMB oxidation over traditional sensors using HRP based biosensors are: 1. Stability: Colorimetric biosensors are often more stable and have a longer shelf life compared to HRP based systems, which can be sensitive to environment conditions. 2. Reduced Interference: Nanomaterial-based biosensors reduce interference from substances commonly found in complex samples, enhancing the accuracy of detection. 3. Lower detection limits. 4. Miniaturization & Portability. 5. Cost Efficiency. 6. Rapid Response are some other advantages.",4
4,The Limit of Detection (LOD) is a statistical measure used to determine the lowest concentration of a substance that can be reliably detected but not necessarily quantified. LOD calculation involves the following steps: Obtain a set of measurements or data points. Calculate the mean of the data points. Calculate the standard deviation of the data points. Choose a desired confidence level often expressed as a percentage. Refer to a statistical table to find the critical value corresponding to your chosen confidence level. Calculate LOD: LOD = mean + (critical value x standard deviation).,1
2,"The biofunctionalization of gold nanoparticles (AuNPs) involves the attachment of specific biomolecules (e.g. antibodies, DNA, aptamers, or enzymes) to the surface of the nanoparticles. This process is crucial for making AuNPs suitable for biosensing applications. Here are the steps: 1. Surface Modification. 2. Functionalization with biomolecules. 3. Cross-linking. 4. Purification. 5. Specific Ligands. 6. Binding Affinity. 7. Blocking & blocking agents. 8. Optimization. While biofunctionalized AuNPs can offer high specificity, it's essential to perform appropriate controls & validation experiments to ensure that the binding observed is specific to the target biomolecule. Careful design & optimization of the biofunctionalization process are key to achieving the desired specificity in biosensing applications.",2
3,The performance of antibody-conjugated biosensors can be significantly influenced by the physicochemical properties of nanomaterials used in their construction: a) Size & surface area. b) Surface chemistry. c) Surface charge. d) Shape. e) Target analyte. Here are the key criteria that should be considered: 1) Target analyte. 2) Sensitivity.,1.5
1,"Colorimetric Biosensors utilizing nanomaterials for TMB oxidation offers general advantages: Enhanced sensitivity, Improved Specificity, Stability, Reduced Interference, Lower detection limits, Miniaturization and portability, Cost efficiency.",2
2,Steps: (i) Surface modification (ii) Functionalization with biomolecules (iii) Cross-linking (iv) Purification (v) Specific ligands (vi) Binding affinity (vii) blocking and blocking agents (viii) Optimization. While Biofunctionalized AuNPs can offer High Specificity its essential to perform apt controls and validation experiments to ensure that the Binding observed is specific to the target biomolecules.,2
3,"The performance of antibody-conjugated biosensors can be significantly influenced by the physicochemical properties of nanomaterials used in their construction. (i) Size and surface area: The high surface area-to-volume ratio of nanomaterials can enhance antibody immobilization and increase the binding capacity for target molecules. (ii) Surface chemistry: the surface chemistry of nanomaterials can be modified to introduce functional groups that facilitate antibody immobilization or enhance specificity. (iii) Surface charge: The surface charge of nanomaterials can affect electrostatic interactions with antibodies and target molecules. (iv) Shape: the shape can impact the orientation of immobilized antibodies and the accessibility of binding sites, which in turn affects the sensitivity and specificity of the biosensor. Here are the key criteria that should be considered: (i) Target analyte: the nature of the target analyte is crucial. Consider whether its a small molecule, protein, nucleic acid or microorganism. For example: If detecting a protein biomarker, gold nanoparticles functionalized with antibodies might be suitable due to their biocompatibility and ease of antibody attachment. (ii) Sensitivity: Some nanomaterials offer enhanced sensitivity due to their unique properties such as plasmonic nanoparticles for optical biosensors.",2
4,"The Limit of Detection (LOD) is a statistical measure used to determine the lowest concentration of a substance that can be reliably detected but not necessarily quantified. LOD calculation involves the following steps: (i) Obtain a set of measurements or data points. (ii) Calculate the mean of the data points. (iii) Calculate the standard deviation of the data points. (iv) Choose a desired confidence level, often expressed as a percentage. (v) Refer to a statistical table to find the critical value corresponding to your chosen confidence level. (vi) Calculate LOD: LOD = Mean + (critical value x standard deviation)",3
4,Limit of detection is calculated on the basis of standard deviation of the response (Sy) of the curve and the slope of the calibration curve (S) at levels approximating the LOD according to the formula: LOD = 3.3 (Sy/S). The standard deviation of the response can be determined based on the standard deviation of Y-intercepts of regression line.,1.5
1,"Calorimetric biosensor utilizing nanomaterials for TMB oxidation offer several advantages over traditional biosensor using HRP: 1. Enhanced Sensitivity: Nanomaterials, such as nanoparticles or nanotubes, can provide a large surface area for immobilizing biomolecules like enzyme or antibodies. This increased surface area allows for a higher density of binding sites, leading to enhanced sensitivity in detecting analytes. 2. Improved Specificity: Functionalized nanomaterials can be tailored to bind selectively to specific biomolecules or targets of interest, improving the sensor's specificity. This reduces the likelihood of false-positive or false-negative results. Advantages: 1) Enhance specificity 2) optimal sensitivity 3) capture specific analytes.",2.5
2,Biofunctionalization of gold nanoparticles (AuNPs) involves the modification of their surface with biologically active molecules to enable specific binding of target biomolecules. 1. Technique how it is achieved- Thiol chemistry - It is the method where thiolated molecules (e.g. thiolated DNA) are used to bind the gold surface due to the strong Au-S bond. Layer-by-layer assembly - Alternate layers of oppositely charged polymers can be deposited on the AuNPs surface. Physisorption - protein or biomolecules can adsorb onto the AuNPs surface through non-covalent interactions. 2. Specificity - i) Specificity of binding depends on the choice of biomolecules used for functionalization ii) orientation and density of the attached biomolecules can also impact specificity iii) Affinity of binding pair also play a role. Strategies - a) Recognition elements b) Blocking agents,2.5
3,"When selecting the most appropriate nanomaterial for specific antibody-based application, several criteria should be considered including shape, size, surface chemistry. 1. Size and Surface Area - Nanoparticles affects the available surface area for antibody conjugation and the rate of mass transport in the biosensor. 2. Surface chemistry - Functional group on the nanomaterials surface influence antibody binding and specificity. 3. Optical or Electrical properties - exploited for signal transduction. 4. Stability & Biocompatibility. It involves a trade off between sensitivity, specificity, stability & cost.",1.5
1,"Calorimetric biosensors utilising nanomaterials for TMB oxidation offer the following advantages over traditional sensors: # Enhanced sensitivity -> Gold nanoparticle / Graphene oxide can amplify the signal of calorimetric assays, by localised Surface Plasmon Resonance (SPR) effect or enhanced adsorption properties, which result in stronger colour change for a given amount of analyte. # Improved specificity -> Nanomaterials can be functionalised with specific ligands or antibodies that selectively bind to the target analyte. This ensures that the calorimetric response is primarily due to the presence of target molecule, reducing false positives. # Reduced interference -> nanomaterials can be designed to selectively interact with the target analyte, excluding non-specific interaction that may occur in traditional HRP-based assays. # Faster response times -> nanomaterials often facilitate faster reaction kinetics compared to enzymes like HRP. # Lower cost and compatibility -> Nanomaterials can be synthesised at a lower cost than enzymes like HRP and are also compatible with wider range of environmental conditions.",4
2,Biofunctionalisation of AuNPs is a process of modifying the surface of gold nanoparticles with a biologically active molecule / ligand to impart specific properties or functions. It is achieved by following these steps: -> synthesis of AuNPs -> Surface modification by using thiol containing molecules. -> mercaptoundecanoic acid used for conjugation of biomolecules -> PEGylation to improve stability. -> functionalisation with biomolecules -> characterisation -> applications -> optimisation. The specificity of the binding between a target molecule and the sensor can vary depending upon: (a) functionalisation (b) biomolecule properties (c) environmental conditions (d) competing molecules (e) detection method (f) control expts. (g) surface chemistry. Enhancing the selectivity of a biosensor and reducing interference can be done by: -> specific ligands -> blocking agents (BSA) -> surface chemistry -> selective detection methods -> buffer conditions -> signal amplification.,3
3,"The physicochemical properties of nanomaterials: (a) size and surface area (b) charge (c) surface chemistry (d) shape (e) surface plasmon resonance (f) stability (g) biosensor architecture (h) target molecule (i) signal readout. Criteria: -> biocompatibility -> size and surface -> surface chemistry -> stability -> optical properties -> electrochemical properties -> cost and availability. Example: we want to develop an Ab-based biosensor for detecting a specific cancer biomarker in blood sample. We need to check for compatibility, tunable size for optimal sensitivity and surface chemistry.",1
4,Limit of Detection (LOD) is a statistical measure used to determine the lowest concentration of a substance that can be reliably detected but not necessarily quantified. LOD = 3.3 X (standard deviation of the blank) / slope of calibration curve. LOD is specific to the measurement method and instrument used.,1.5
1,"Colorimetric biosensors utilizing nanomaterials for TMB (3,3', 5,5'- tetramethylbenzidine) oxidation offer several advantages over traditional sensors using HRP based biosensors, primarily in terms of sensitivity & specificity. (i) Enhanced Sensitivity :- Nanomaterials such as gold nanoparticles or graphene oxide can amplify the signals of colorimetric assays which result in a stronger color change given amount of analyte. (ii) Improved Specificity :- Nanomaterials can be functionalized with specific ligands or antibodies that selectively bind to the target analyte. This ensures that the colorimetric response is primarily due to presence of target molecules reducing false positive. (iii) Reduced interference: Nanomaterials can minimize interference from other substances in the sample as they can be designed to selectively interact with the target analyte excluding non-specific interaction that may occur in HRP. (iv) Faster Response Times:- Nanomaterials often facilitate faster reaction compared to enzyme like HRP. (v) Stability & Sensibility:- Some nanomaterials are more stable & have longer shelf life compared to enzyme. Colorimetric biosensor utilising nanomaterial offer improved sensitivity, specificity & various practical advantages over traditional HRP based biosensors.",3
2,"Biofunctionalization of AuNPs is process of modifying the surface of gold nanoparticles with biologically active molecules or ligands to impart specific properties or function. Overview of how it is achieved :- Synthesis of AuNPs, Surface modification, Mercaptoundecanoic acid, Thiol PEG.",2
4,"LOD or limit of Detection is a statistical measure used to determine the lowest concentration of a substance that can be reliably detected but not necessarily quantified. LOD = 3.3 x (standard deviation of the blank) / Slope of calibration curve. Breakdown components are :- Standard deviation of the Blank, Slope of Calibration curve.",1.5
3,"The physicochemical properties of nanomaterials play a crucial role in performance of antibody conjugated biosensors. Key factors: Size & surface area, Surface chemistry, charge, shape, Surface Plasmon Resonance, Stability, Biosensor Architecture, Target molecules, Signal readone. Biocompatibility to ensure they do not interfere with the antibody-antigen binding or harm biological components: Size & surface area, Surface chemistry, Stability, Optical properties, Electrochemical property, cost & Availability.",1
1,"Calorimetric biosensors that use TMB (3,3',5,5' tetramethylbenzidine) oxidation offer following advantages over traditional sensors that rely on HRP (Horseradish Peroxidase) for detection: 1) Enhanced sensitivity: TMB oxidation nanomaterials can provide a more sensitive calorimetric response than HRP-based systems. Then these nanomaterials can catalyze the oxidation of TMB more efficiently, resulting a more pronounced color change in response to target analyte. Hence this property allows lower concentrations of target molecule. 2) Lower detection limits: Due to their enhanced catalytic activity, TMB oxidation nanomaterials can enable to detection of trace amounts of target analyte, thus pushing the detection limits to lower concentration. Improved specificity: Calorimetric biosensors using TMB oxidation nanomaterials can be engineered to have high specificity by using selection recognition elements such as antibodies. Hence this property minimises false positive results. Stability & longevity: Nanomaterial based biosensors are more stable & durable than enzyme based biosensor (HRP). Enzymes are susceptible to denaturation and degradation over time, whereas TMB oxidation are less prone to such issues. Wide applicability: TMB oxidation can be tailored to with different recognition elements to detect a wide range of analytes making them versatile tools for biosensing.",2.5
2,"Biofunctionalisation of AuNPs. The surface of AuNPs is modified with thiolated ligands. Thiol groups readily binds to gold surfaces creating stable linkage. These ligands can be antibodies, peptides, DNAs etc. specific to target analyte. Chemical methods used to attach thiolated ligands to AuNPs are self assembly, covalent bonding or electrostatic attractions etc. Achieving specific binding: 1) Specificity is the choice of recognition elements that have a high specif & affinity for the target biomolecule. These elements are designed to specifically bind to target & minimise non-specific binding. 2) Density of ligands on AuNPs should be carefully controlled. Too few ligands results in weak binding & too many may lead to steric hinderance. 3) non-specific binding sites & can be blocked or passivated. This prevents non-specific interactions. 4) Multiple binding sites on the ligands or multivalent ligands can improve specificity by increasing overall binding. 5) Employing signal amplification strategies such as Enzyme linked assays or nanomaterial based amplification enhances sensitivity. 6) Tailor the surface properties of AuNPs by functionalizing them with polymers or other molecules. 7) The size & shape of AuNPs can influence their binding properties. Fine Tuning these parameters enhance specificity for certain target molecules.",4
3,The performance of antibody-conjugated biosensors is influenced by following physicochemical properties - 1) Surface Area 2) Chemical Functionalisation 3) Stability 4) optical properties 5) Electrical conductivity. criteria for selecting most appropriate nanomaterial 1) Biocompatibility 2) Target Molecule 3) Electrical conductivity.,2
4,"To calculate limit of Detection: 1) Measure the signal from blank sample with no target analyte 2) calculate standard deviation (SD) 3) Multiply SD by a factor and add to mean blank signal 4) The result is the LOD. LOD = 3.3 (Sy)/S, where Sy is SD of response and S is slope of calibration curve.",1
